"data_set1","data_set2","cor","p","p_adjust","level"
"TotFib","genus_Holdemania",-0.804928559171539,0.000169106257702709,0.01623420073946,"genus"
"Water","family_unclassified_Clostridiales",0.697773718328216,0.00265210338855713,0.127300962650742,"family"
"Water","genus_unclassified_Clostridiales",0.697773718328216,0.00265210338855713,0.127300962650742,"genus"
"Fe","family_Ruminococcaceae",-0.719093492260777,0.00169304285926746,0.157941782053821,"family"
"Fe","genus_Anaerotruncus",-0.686862045387527,0.00329045379278794,0.157941782053821,"genus"
"Fe","genus_Oscillibacter",-0.656630642525994,0.00572600626511059,0.183232200483539,"genus"
"Se","genus_Flavonifractor",0.753373751382026,0.000752748802158745,0.0722638850072395,"genus"
